title,publicationDate
"Soul of Bread, The (Ai de mian bao hun)",2021-07-20T02:56:11Z
Daylight,2021-07-14T22:52:57Z
Barbara,2022-03-01T12:43:45Z
Odds Against Tomorrow,2022-02-24T14:11:40Z
Unthinkable,2021-10-31T16:53:12Z
Timecop,2021-12-18T05:32:32Z
Skylark,2022-10-11T19:26:40Z
House of Tolerance,2022-05-12T13:35:59Z
Hell Night,2023-01-01T23:32:59Z
Run Sister Run!,2021-12-28T23:06:54Z
Death Racers,2022-10-16T23:22:32Z
"Night in Old Mexico, A",2021-10-13T02:52:05Z
"Night in Casablanca, A",2023-03-03T19:53:04Z
"Confession, The (L'aveu)",2022-06-20T14:56:57Z
"Andromeda Strain, The",2022-04-26T14:56:01Z
"Next Best Thing, The",2022-06-07T11:22:14Z
Komodo,2022-06-09T02:19:51Z
Freaks,2021-09-20T06:56:30Z
Making Mr. Right,2021-09-28T12:54:04Z
The Punisher: Dirty Laundry,2022-10-24T04:56:03Z
They Have Escaped (He ovat paenneet),2022-02-08T21:55:32Z
"Marriage of Maria Braun, The (Ehe der Maria Braun, Die)",2021-09-03T13:37:57Z
Youth in Revolt,2021-09-21T08:56:57Z
Magic Hunter (Büvös vadász),2021-08-13T07:53:08Z
Jack and Jill,2022-08-01T18:05:42Z
You Can Count on Me,2022-03-27T14:32:34Z
"Home Song Stories, The",2022-05-30T09:49:35Z
12:08 East of Bucharest (A fost sau n-a fost?),2022-01-28T05:22:32Z
44 Minutes: The North Hollywood Shoot-Out,2022-08-21T17:27:23Z
Kundun,2022-01-23T04:18:41Z
Nuremberg,2021-11-17T22:28:17Z
Killer Elite,2023-02-04T07:34:07Z
I am Von Höfler (Variation on Werther - Private Hungary 15),2021-08-18T14:53:02Z
Desert Blue,2022-02-13T04:40:33Z
Little Black Book,2022-05-02T11:53:30Z
Guest House Paradiso,2022-06-26T07:07:41Z
Battle of Britain,2023-02-08T19:37:17Z
All the King's Men,2022-04-11T09:00:06Z
21,2022-02-27T08:17:18Z
Peppermint Candy (Bakha satang),2022-12-02T09:51:05Z
Just Like Heaven,2022-06-21T18:17:40Z
Bilitis,2022-05-15T08:57:14Z
And Soon the Darkness,2021-10-05T05:26:31Z
"Bullfighter, The (Matador)",2021-11-27T17:48:51Z
Conrack,2021-08-23T15:54:27Z
Wilby Wonderful,2021-10-21T22:27:45Z
貞子3D,2022-10-27T09:11:21Z
Our Blushing Brides,2022-11-12T23:07:57Z
"Busher, The",2022-07-03T22:45:59Z
Trader Games (Krach),2022-05-01T13:08:39Z
Breaking In,2021-10-26T16:40:03Z
Hider in the House,2022-01-23T19:33:21Z
"Brady Bunch Movie, The",2021-10-24T04:25:53Z
Archie To Riverdale and Back Again,2022-02-12T21:15:10Z
Palmetto,2022-06-12T12:39:54Z
"Long, Long Trailer, The",2022-07-18T09:44:51Z
Texas Chainsaw Massacre: The Next Generation (a.k.a. The Return of the Texas Chainsaw Massacre),2022-03-28T12:40:25Z
Center Stage,2022-10-08T22:49:25Z
White Chicks,2021-09-15T05:20:08Z
All the Boys Love Mandy Lane,2021-08-08T10:42:54Z
Age of Tomorrow,2021-08-05T22:44:48Z
Alpha and Omega,2022-08-24T22:28:21Z
Analyze That,2021-12-13T01:14:31Z
"Hunting and Gathering (Ensemble, c'est tout)",2023-01-07T05:46:13Z
New World (Shin-sae-gye),2022-11-07T09:46:09Z
Wartorn: 1861-2010,2022-05-18T19:48:55Z
"Wedding Banquet, The (Xi yan)",2021-10-20T22:49:51Z
Hearts and Minds,2021-10-03T19:48:08Z
Slim Carter,2022-06-06T05:23:52Z
Sirocco,2021-09-23T06:28:04Z
"Colour of Magic, The (Terry Pratchett's The Colour of Magic)",2022-05-27T13:48:40Z
Seaside (Bord de Mer),2021-09-18T18:15:04Z
"Attack, The",2022-01-21T07:07:23Z
Reap the Wild Wind,2022-01-28T11:50:55Z
"South Park: Bigger, Longer and Uncut",2023-01-23T10:08:42Z
Hoop Realities,2022-08-16T19:15:04Z
"Order, The",2022-04-10T14:14:04Z
Bird,2022-05-20T18:38:09Z
Resurrecting the Champ,2021-10-21T02:25:05Z
Manhattan Melodrama,2022-05-27T03:29:04Z
Bobby Deerfield,2022-09-05T12:54:39Z
Cause for Alarm!,2021-10-11T10:47:35Z
Oleanna,2022-05-31T10:29:05Z
Summertime,2022-08-23T17:18:00Z
Brother 2 (Brat 2),2022-11-17T18:47:03Z
Crazy on the Outside,2023-02-24T23:49:18Z
Salvage,2022-04-28T04:21:51Z
$ellebrity (Sellebrity),2022-07-02T17:08:11Z
"Bounty Hunter, The",2022-08-17T10:05:51Z
Eat,2021-08-14T04:44:15Z
CB4 - The Movie,2022-11-20T01:24:42Z
Disco Dancer,2021-10-19T13:17:37Z
2:37,2021-12-25T05:33:43Z
"Frozen Ghost, The",2021-08-29T23:55:31Z
"Big Bad Swim, The",2022-05-30T02:25:33Z
Hillsborough,2021-09-19T10:50:20Z
"Joyriders, The",2022-06-16T22:29:12Z
"Adventures of Ichabod and Mr. Toad, The",2021-09-18T10:54:35Z
Moon,2021-10-17T10:52:53Z
"Trigger Effect, The",2021-08-03T23:51:47Z
