firstName,lastName,email,username,password
Gabie,Sellstrom,gsellstrom0@biblegateway.com,gsellstrom0,password
Fern,Bridges,fbridges1@weebly.com,fbridges1,password
Ardith,Allden,aallden2@example.com,aallden2,password
Sasha,Overil,soveril3@homestead.com,soveril3,password
Rolf,Larkby,rlarkby4@networkadvertising.org,rlarkby4,password
Grata,Broxton,gbroxton5@etsy.com,gbroxton5,password
Moyna,Pea,mpea6@mayoclinic.com,mpea6,password
Olin,Hallibone,ohallibone7@lycos.com,ohallibone7,password
Winne,Angerstein,wangerstein8@netlog.com,wangerstein8,password
Skye,Sherlock,ssherlock9@myspace.com,ssherlock9,password
Kendrick,Maureen,kmaureena@amazonaws.com,kmaureena,password
Corette,Bunnell,cbunnellb@guardian.co.uk,cbunnellb,password
Simonette,Scotcher,sscotcherc@vimeo.com,sscotcherc,password
Felike,Hadigate,fhadigated@goo.ne.jp,fhadigated,password
Shell,Arger,sargere@time.com,sargere,password
Yvette,Hodgin,yhodginf@hostgator.com,yhodginf,password
Sharleen,Gatland,sgatlandg@simplemachines.org,sgatlandg,password
Boigie,Hanner,bhannerh@wikispaces.com,bhannerh,password
Avrit,Dunleavy,adunleavyi@ifeng.com,adunleavyi,password
Lethia,Trapp,ltrappj@pbs.org,ltrappj,password